passenger_count,AverageTip
0,0.66666666666666663
4,1.7163357972544868
6,1.8120059239756465
3,1.8350196270853769
1,1.8766772021437412
2,1.8800554380334069
5,1.9234522176497468