rate_code_name,AverageDistance
Standard rate,2.653574625253333
JFK,17.446343452650698
Negotiated fare,6.0890812720848055
Nassau or Westchester,20.199791666666663
Group ride,0.1
Newark,16.432290076335871