payment_type_name,TotalRevenue
Cash,434002.96999989945
Credit card,1202467.8100001724
No charge,1838.9499999999982
Dispute,762.3599999999999